Workbook

Sheet LK_Kabkot
A1: PENGUKURAN KINERJA TRIWULAN I TAHUN 2026
A3: Satuan Kerja : | E3: BPS Kabupaten/Kota Tapin
A4: Nilai SAKIP 2026:
A5: Predikat SAKIP 2026: | E5: =IF(E4>90, "AA/Sangat Memuaskan", IF(E4>80, "A/Memuaskan", IF(E4>70, "BB/Sangat Baik", IF(E4>60, "B/Baik", IF(E4>50, "CC/Cukup (Memadai)", IF(E4>30, "C/Kurang", "D/Sangat Kurang")))))) -> D/Sangat Kurang
A7: Tujuan/Sasaran/Indikator Kinerja | H7: Jenis (IKU atau Proksi) | I7: Jenis (Triwulanan atau Tahunan) | J7: Jenis (% atau Non %) | K7: Target | L7: Satuan | M7: Alokasi Target (Kumulatif) | Q7: Realisasi (Kumulatif) | U7: Capaian Kinerja | AC7: Analisis Pencapaian Kinerja di Triwulan Berjalan
U8: Terhadap Target Triwulanan | Y8: Terhadap Target Setahun | AC8: Kendala yang dihadapi pada Triwulan Berjalan | AD8: Solusi yang sudah dilakukan pada Triwulan Berjalan | AE8: Rencana Tindak lanjut | AF8: PIC Tindak Lanjut | AG8: Batas Waktu Tindak lanjut | AH8: Link Bukti Dukung Kinerja | AI8: Link Bukti Dukung Tindak Lanjut Triwulan Sebelumnya
M9: TW I | N9: TW II | O9: TW III | P9: TW IV | Q9: TW I | R9: TW II | S9: TW III | T9: TW IV | U9: TW I | V9: TW II | W9: TW III | X9: TW IV | Y9: TW I | Z9: TW II | AA9: TW III | AB9: TW IV
A10: T1: Mewujudkan Perumusan Kebijakan dan Pengambilan Keputusan Berbasis Data Statistik Berkualitas dan Insight yang Relevan
B11: 1.1.1 | C11: Terwujudnya Penyediaan Data dan Insight Statistik Kependudukan dan Ketenagakerjaan yang Berkualitas
D12: 1.1.1.1 | E12: Persentase Publikasi/Laporan Statistik Kependudukan dan Ketenagakerjaan yang Berkualitas
E13: X: Jumlah Publikasi/Laporan Statistik Kependudukan dan Ketenagakerjaan yang berkualitas
E14: Y: Jumlah seluruh Publikasi/Laporan Statistik Kependudukan dan Ketenagakerjaan yang dihasilkan
B16: 1.1.3 | C16: Terwujudnya Penyediaan Data dan Insight Statistik Kesejahteraan Rakyat yang Berkualitas
D17: 1.1.3.1 | E17: Terwujudnya Penyediaan Data dan Insight Statistik Kesejahteraan Rakyat yang Berkualitas
E18: X: Jumlah Publikasi/Laporan Statistik Kesejahteraan Rakyat yang berkualitas
E19: Y: Jumlah seluruh Publikasi/Laporan Statistik Kesejahteraan Rakyat yang dihasilkan
B21: 1.1.5 | C21: Terwujudnya penyediaan Data dan Insight Statistik Ketahanan Sosial yang Berkualitas
D22: 1.1.5.1 | E22: Persentase Publikasi/Laporan Statistik Ketahanan Sosial yang Berkualitas
E23: X: Jumlah Publikasi/Laporan Statistik Ketahanan Sosial yang berkualitas
E24: Y: Jumlah seluruh Publikasi/Laporan Statistik Ketahanan Sosial yang dihasilkan
B26: 1.2.1 | C26: Terwujudnya Penyediaan Data dan Insight Statistik Sumber Daya Hayati yang Berkualitas
D27: 1.2.1.1 | E27: Persentase Publikasi/Laporan Statistik Sumber Daya Hayati yang Berkualitas
E28: X: Jumlah Publikasi/Laporan Statistik Sumber Daya Hayati yang berkualitas
E29: Y: Jumlah seluruh Publikasi/Laporan Statistik Sumber Daya Hayati yang dihasilkan
B31: 1.2.2 | C31: Terwujudnya Penyediaan Data dan Insight Statistik Sumber Daya Mineral dan Konstruksi yang Berkualitas
D32: 1.2.2.1 | E32: Persentase publikasi/laporan Statistik Sumber Daya Mineral dan Konstruksi yang Berkualitas
E33: X: Jumlah Publikasi/Laporan Statistik Sumber Daya Mineral dan Konstruksi yang berkualitas
E34: Y: Jumlah seluruh Publikasi/Laporan Statistik Sumber Daya Mineral dan Konstruksi yang dihasilkan yang dihasilkan
B36: 1.2.3 | C36: Terwujudnya penyediaan Data dan Insight Statistik Industri yang Berkualitas
D37: 1.2.3.1 | E37: Persentase publikasi/laporan Statistik Industri yang Berkualitas
E38: X: Jumlah Publikasi/Laporan Statistik Industri yang berkualitas
E39: Y: Jumlah seluruh Publikasi/Laporan Statistik Industri yang dihasilkan
B41: 1.3.1 | C41: Terwujudnya Penyediaan Data dan Insight Statistik Distribusi yang Berkualitas
D42: 1.3.1.1 | E42: Persentase Publikasi/Laporan Statistik Distribusi yang Berkualitas
E43: X: Jumlah Publikasi/Laporan Statistik Distribusi yang berkualitas
E44: Y: Jumlah seluruh Publikasi/Laporan Statistik Distribusi yang dihasilkan
B46: 1.3.3 | C46: Terwujudnya Penyediaan Data dan Insight Statistik Harga yang Berkualitas
D47: 1.3.3.1 | E47: Persentase Publikasi/laporan Statistik Harga yang Berkualitas
E48: X: Jumlah Publikasi/Laporan Statistik Harga yang berkualitas
E49: Y: Jumlah seluruh Publikasi/Laporan Statistik Harga yang dihasilkan
B51: 1.3.5 | C51: Terwujudnya Penyediaan Data dan Insight Statistik Jasa yang Berkualitas
D52: 1.3.5.1 | E52: Persentase Publikasi/Laporan Statistik Jasa yang Berkualitas
E53: X: Jumlah Publikasi/Laporan Statistik Jasa yang berkualitas
E54: Y: Jumlah seluruh Publikasi/Laporan Statistik Jasa yang dihasilkan
B56: 1.4.1 | C56: Terwujudnya Penyediaan Data dan Insight Statistik Lintas Sektor yang Berkualitas
D57: 1.4.1.1 | E57: Persentase Publikasi/Laporan Neraca Produksi yang Berkualitas
E58: X: Jumlah Publikasi/Laporan Neraca Produksi yang berkualitas
E59: Y: Jumlah seluruh Publikasi/Laporan Neraca Produksi yang dihasilkan
D61: 1.4.1.2 | E61: Persentase Publikasi/Laporan Neraca Pengeluaran yang Berkualitas
E62: X: Jumlah Publikasi/Laporan Neraca Pengeluaran yang berkualitas
E63: Y: Jumlah seluruh Publikasi/Laporan Neraca Pengeluaran yang dihasilkan
D65: 1.4.1.3 | E65: Persentase Publikasi/Laporan Analisis Statistik dan Neraca Satelit yang Berkualitas
E66: X: Jumlah Publikasi/Laporan Analisis Statistik dan Neraca Satelit yang berkualitas
E67: Y: Jumlah seluruh Publikasi/Laporan Analisis Statistik dan Neraca Satelit yang dihasilkan
A69: T2: Mewujudkan Penyelenggaraan Sistem Statistik Nasional yang Andal, Efektif, dan Efisien
B70: 2.1.4 | C70: Terwujudnya Kapasitas Tata Kelola Pemerintah Desa Untuk Menghasilkan Statistik Berkualitas
D71: 2.1.4.1 | E71: Persentase Kumulatif Desa Yang Berpredikat Desa Cinta Statistik
E72: X: Jumlah Kumulatif dari Tahun-Tahun Sebelumnya dari Desa/Kelurahan/yang setara yang Berpredikat Desa Cinta Statistik
E73: Y: Jumlah Desa/Kelurahan/yang Setara
B75: 2.5.1 | C75: Terwujudnya Penguatan Penyelenggaraan Pembinaan Statistik Sektoral Kementerian/Lembaga/Pemerintah Daerah
D76: 2.5.1.1 | E76: Tingkat Penyelenggaraan Pembinaan Statistik Sektoral sesuai standar
B78: 2.7.1 | C78: Terwujudnya Kemudahan Akses Data BPS
D79: 2.7.1.1 | E79: Indeks Pelayanan Publik - Penilaian mandiri
A81: T3: Mewujudkan Tata Kelola Badan Pusat Statistik yang Berkualitas, Akuntabel, Efektif, dan Efisien dalam Menyelenggarakan Statistik
B82: 3.2.4 | C82: Tersedianya Dukungan Manajemen pada BPS Provinsi dan BPS Kabupaten/Kota
D83: 3.2.4.1 | E83: Nilai SAKIP oleh Inspektorat
D84: 3.2.4.2 | E84: Indeks Implementasi BerAKHLAK
P87: Capaian Kinerja IKU
P88: Capaian Kinerja Sasaran 1.1.1
P89: Capaian Kinerja Sasaran 1.1.3
P90: Capaian Kinerja Sasaran 1.1.5
P91: Capaian Kinerja Sasaran 1.2.1
P92: Capaian Kinerja Sasaran 1.2.2
P93: Capaian Kinerja Sasaran 1.2.3
P94: Capaian Kinerja Sasaran 1.3.1
P95: Capaian Kinerja Sasaran 1.3.3
P96: Capaian Kinerja Sasaran 1.3.5
P97: Capaian Kinerja Sasaran 1.4.1
P98: Capaian Kinerja Sasaran 2.1.4
... P101: Capaian Kinerja Sasaran 3.2.4

Sheet FRA_input
A2: Indikator Kinerja/Uraian | E2: Jenis | F2: Target | G2: Satuan | H2: Alokasi Target | L2: Realisasi | P2: Capaian Kinerja | X2: Analisis Pencapaian Kinerja di Triwulan Berjalan
P3: Terhadap Target Triwulanan | T3: Terhadap Target Setahun | X3: Kendala | Y3: Solusi | Z3: RTL | AA3: PIC TL | AB3: Batas Waktu TL | AC3: Link Bukti Dukung
H4: TW1 | I4: TW2 | J4: TW3 | K4: TW4 | L4: TW1 | M4: TW2 | N4: TW3 | O4: TW4 | P4: TW1 | Q4: TW2 | R4: TW3 | S4: TW4 | T4: TW1 | U4: TW2 | V4: TW3 | W4: TW4
A5: ESELON I
A6: T1
B7: S1
C8: IKU 1
D9: Proksi 1.1
D10: Proksi 1.2
D11: Proksi 1.3
C12: IKU 2
D13: Proksi 2.1
D14: Proksi 2.2
D15: Proksi 2.3
A16: T2
B17: S2
C18: IKU 3
D19: Proksi 3.1
D20: Proksi 3.2
D21: Proksi 4.3
C22: IKU 4
D23: Proksi 5.1
D24: Proksi 5.2
D25: Proksi 2.3
O27: Capaian Proksi IKU 1 | P27: rata2 capaian proksi IKU 1
O28: Capaian Proksi IKU 2 | P28: rata2 capaian proksi IKU 2
O29: Capaian Proksi IKU 3 | P29: rata2 capaian proksi IKU 3
O30: Capaian Proksi IKU 4 | P30: rata2 capaian proksi IKU 4
O31: Capaian IKU 1
O32: Capaian IKU 2
O33: Capaian IKU 3
O34: Capaian IKU 4
O35: Capaian Sasaran 1 | P35: rata2 capaian IKU 12
O36: Capaian Sasaran 2 | P36: rata2 capaian IKU 34
O37: Capaian Tujuan 1
O38: Capaian Tujuan 2
A40: ESELON II
A41: T1
B42: S1
C43: IKU 1
D44: Proksi 1.1
D45: Proksi 1.2
D46: Proksi 1.3
C47: IKU 2
D48: Proksi 2.1
D49: Proksi 2.2
D50: Proksi 2.3
A51: T2
B52: S2
C53: IKU 3
D54: Proksi 3.1
D55: Proksi 3.2
D56: Proksi 4.3
C57: IKU 4
D58: Proksi 5.1
D59: Proksi 5.2
D60: Proksi 2.3
O62: Capaian Proksi IKU 1 | P62: rata2 capaian proksi IKU 1
O63: Capaian Proksi IKU 2 | P63: rata2 capaian proksi IKU 2
O64: Capaian Proksi IKU 3 | P64: rata2 capaian proksi IKU 3
O65: Capaian Proksi IKU 4 | P65: rata2 capaian proksi IKU 4
O66: Capaian IKU 1
O67: Capaian IKU 2
O68: Capaian IKU 3
O69: Capaian IKU 4
O70: Capaian Sasaran 1 | P70: rata2 capaian IKU 12
O71: Capaian Sasaran 2 | P71: rata2 capaian IKU 34
O72: Capaian Tujuan 1
O73: Capaian Tujuan 2

Sheet FRA_view
A2: Indikator Kinerja/Uraian | E2: Jenis | F2: Target | G2: Satuan | H2: Alokasi Target | L2: Realisasi | P2: Capaian Kinerja | X2: Analisis Pencapaian Kinerja di Triwulan Berjalan
P3: Terhadap Target Triwulanan | T3: Terhadap Target Setahun | X3: Kendala | Y3: Solusi | Z3: RTL | AA3: PIC TL | AB3: Batas Waktu TL | AC3: Link Bukti Dukung
H4: TW1 | I4: TW2 | J4: TW3 | K4: TW4 | L4: TW1 | M4: TW2 | N4: TW3 | O4: TW4 | P4: TW1 | Q4: TW2 | R4: TW3 | S4: TW4 | T4: TW1 | U4: TW2 | V4: TW3 | W4: TW4
A5: ESELON I
A6: T1
B7: S1
C8: IKU 1 | E8: =FRA_input!E8 -> 0 | F8: =FRA_input!F8 -> 0 | G8: =FRA_input!G8 -> 0 | H8: =FRA_input!H8 -> 0 | I8: =FRA_input!I8 -> 0 | J8: =FRA_input!J8 -> 0 | K8: =FRA_input!K8 -> 0 | L8: =FRA_input!L8 -> 0 | ... AC8: =FRA_input!AC8 -> 0
D9: Proksi 1.1 | E9: =FRA_input!E9 -> 0 | F9: =FRA_input!F9 -> 0 | G9: =FRA_input!G9 -> 0 | H9: =FRA_input!H9 -> 0 | I9: =FRA_input!I9 -> 0 | J9: =FRA_input!J9 -> 0 | K9: =FRA_input!K9 -> 0 | L9: =FRA_input!L9 -> 0 | ... AC9: =FRA_input!AC9 -> 0
D10: Proksi 1.2 | E10: =FRA_input!E10 -> 0 | F10: =FRA_input!F10 -> 0 | G10: =FRA_input!G10 -> 0 | H10: =FRA_input!H10 -> 0 | I10: =FRA_input!I10 -> 0 | J10: =FRA_input!J10 -> 0 | K10: =FRA_input!K10 -> 0 | L10: =FRA_input!L10 -> 0 | ... AC10: =FRA_input!AC10 -> 0
D11: Proksi 1.3 | E11: =FRA_input!E11 -> 0 | F11: =FRA_input!F11 -> 0 | G11: =FRA_input!G11 -> 0 | H11: =FRA_input!H11 -> 0 | I11: =FRA_input!I11 -> 0 | J11: =FRA_input!J11 -> 0 | K11: =FRA_input!K11 -> 0 | L11: =FRA_input!L11 -> 0 | ... AC11: =FRA_input!AC11 -> 0
C12: IKU 2 | E12: =FRA_input!E12 -> 0 | F12: =FRA_input!F12 -> 0 | G12: =FRA_input!G12 -> 0 | H12: =FRA_input!H12 -> 0 | I12: =FRA_input!I12 -> 0 | J12: =FRA_input!J12 -> 0 | K12: =FRA_input!K12 -> 0 | L12: =FRA_input!L12 -> 0 | ... AC12: =FRA_input!AC12 -> 0
D13: Proksi 2.1 | E13: =FRA_input!E13 -> 0 | F13: =FRA_input!F13 -> 0 | G13: =FRA_input!G13 -> 0 | H13: =FRA_input!H13 -> 0 | I13: =FRA_input!I13 -> 0 | J13: =FRA_input!J13 -> 0 | K13: =FRA_input!K13 -> 0 | L13: =FRA_input!L13 -> 0 | ... AC13: =FRA_input!AC13 -> 0
D14: Proksi 2.2 | E14: =FRA_input!E14 -> 0 | F14: =FRA_input!F14 -> 0 | G14: =FRA_input!G14 -> 0 | H14: =FRA_input!H14 -> 0 | I14: =FRA_input!I14 -> 0 | J14: =FRA_input!J14 -> 0 | K14: =FRA_input!K14 -> 0 | L14: =FRA_input!L14 -> 0 | ... AC14: =FRA_input!AC14 -> 0
D15: Proksi 2.3 | E15: =FRA_input!E15 -> 0 | F15: =FRA_input!F15 -> 0 | G15: =FRA_input!G15 -> 0 | H15: =FRA_input!H15 -> 0 | I15: =FRA_input!I15 -> 0 | J15: =FRA_input!J15 -> 0 | K15: =FRA_input!K15 -> 0 | L15: =FRA_input!L15 -> 0 | ... AC15: =FRA_input!AC15 -> 0
A16: T2 | E16: =FRA_input!E16 -> 0 | F16: =FRA_input!F16 -> 0 | G16: =FRA_input!G16 -> 0 | H16: =FRA_input!H16 -> 0 | I16: =FRA_input!I16 -> 0 | J16: =FRA_input!J16 -> 0
B17: S2 | E17: =FRA_input!E17 -> 0 | F17: =FRA_input!F17 -> 0 | G17: =FRA_input!G17 -> 0 | H17: =FRA_input!H17 -> 0 | I17: =FRA_input!I17 -> 0 | J17: =FRA_input!J17 -> 0
C18: IKU 3 | E18: =FRA_input!E18 -> 0 | F18: =FRA_input!F18 -> 0 | G18: =FRA_input!G18 -> 0 | H18: =FRA_input!H18 -> 0 | I18: =FRA_input!I18 -> 0 | J18: =FRA_input!J18 -> 0 | K18: =FRA_input!K18 -> 0 | L18: =FRA_input!L18 -> 0 | ... AC18: =FRA_input!AC18 -> 0
D19: Proksi 3.1 | E19: =FRA_input!E19 -> 0 | F19: =FRA_input!F19 -> 0 | G19: =FRA_input!G19 -> 0 | H19: =FRA_input!H19 -> 0 | I19: =FRA_input!I19 -> 0 | J19: =FRA_input!J19 -> 0 | K19: =FRA_input!K19 -> 0 | L19: =FRA_input!L19 -> 0 | ... AC19: =FRA_input!AC19 -> 0
D20: Proksi 3.2 | E20: =FRA_input!E20 -> 0 | F20: =FRA_input!F20 -> 0 | G20: =FRA_input!G20 -> 0 | H20: =FRA_input!H20 -> 0 | I20: =FRA_input!I20 -> 0 | J20: =FRA_input!J20 -> 0 | K20: =FRA_input!K20 -> 0 | L20: =FRA_input!L20 -> 0 | ... AC20: =FRA_input!AC20 -> 0
D21: Proksi 4.3 | E21: =FRA_input!E21 -> 0 | F21: =FRA_input!F21 -> 0 | G21: =FRA_input!G21 -> 0 | H21: =FRA_input!H21 -> 0 | I21: =FRA_input!I21 -> 0 | J21: =FRA_input!J21 -> 0 | K21: =FRA_input!K21 -> 0 | L21: =FRA_input!L21 -> 0 | ... AC21: =FRA_input!AC21 -> 0
C22: IKU 4 | E22: =FRA_input!E22 -> 0 | F22: =FRA_input!F22 -> 0 | G22: =FRA_input!G22 -> 0 | H22: =FRA_input!H22 -> 0 | I22: =FRA_input!I22 -> 0 | J22: =FRA_input!J22 -> 0 | K22: =FRA_input!K22 -> 0 | L22: =FRA_input!L22 -> 0 | ... AC22: =FRA_input!AC22 -> 0
D23: Proksi 5.1 | E23: =FRA_input!E23 -> 0 | F23: =FRA_input!F23 -> 0 | G23: =FRA_input!G23 -> 0 | H23: =FRA_input!H23 -> 0 | I23: =FRA_input!I23 -> 0 | J23: =FRA_input!J23 -> 0 | K23: =FRA_input!K23 -> 0 | L23: =FRA_input!L23 -> 0 | ... AC23: =FRA_input!AC23 -> 0
D24: Proksi 5.2 | E24: =FRA_input!E24 -> 0 | F24: =FRA_input!F24 -> 0 | G24: =FRA_input!G24 -> 0 | H24: =FRA_input!H24 -> 0 | I24: =FRA_input!I24 -> 0 | J24: =FRA_input!J24 -> 0 | K24: =FRA_input!K24 -> 0 | L24: =FRA_input!L24 -> 0 | ... AC24: =FRA_input!AC24 -> 0
D25: Proksi 2.3 | E25: =FRA_input!E25 -> 0 | F25: =FRA_input!F25 -> 0 | G25: =FRA_input!G25 -> 0 | H25: =FRA_input!H25 -> 0 | I25: =FRA_input!I25 -> 0 | J25: =FRA_input!J25 -> 0 | K25: =FRA_input!K25 -> 0 | L25: =FRA_input!L25 -> 0 | ... AC25: =FRA_input!AC25 -> 0
D27: REPORT CAPAIAN KINERJA | O27: Capaian Proksi IKU 1 | P27: rata2 capaian proksi IKU 1
O28: Capaian Proksi IKU 2 | P28: rata2 capaian proksi IKU 2
O29: Capaian Proksi IKU 3 | P29: rata2 capaian proksi IKU 3
O30: Capaian Proksi IKU 4 | P30: rata2 capaian proksi IKU 4
O31: Capaian IKU 1
O32: Capaian IKU 2
O33: Capaian IKU 3
O34: Capaian IKU 4
O35: Capaian Sasaran 1 | P35: rata2 capaian IKU 12
O36: Capaian Sasaran 2 | P36: rata2 capaian IKU 34
O37: Capaian Tujuan 1
O38: Capaian Tujuan 2
A40: ESELON II
A41: T1
B42: S1
C43: IKU 1 | E43: =FRA_input!E43 -> 0 | F43: =FRA_input!F43 -> 0 | G43: =FRA_input!G43 -> 0 | H43: =FRA_input!H43 -> 0 | I43: =FRA_input!I43 -> 0 | J43: =FRA_input!J43 -> 0 | K43: =FRA_input!K43 -> 0 | L43: =FRA_input!L43 -> 0 | ... AC43: =FRA_input!AC43 -> 0
D44: Proksi 1.1 | E44: =FRA_input!E44 -> 0 | F44: =FRA_input!F44 -> 0 | G44: =FRA_input!G44 -> 0 | H44: =FRA_input!H44 -> 0 | I44: =FRA_input!I44 -> 0 | J44: =FRA_input!J44 -> 0 | K44: =FRA_input!K44 -> 0 | L44: =FRA_input!L44 -> 0 | ... AC44: =FRA_input!AC44 -> 0
D45: Proksi 1.2 | E45: =FRA_input!E45 -> 0 | F45: =FRA_input!F45 -> 0 | G45: =FRA_input!G45 -> 0 | H45: =FRA_input!H45 -> 0 | I45: =FRA_input!I45 -> 0 | J45: =FRA_input!J45 -> 0 | K45: =FRA_input!K45 -> 0 | L45: =FRA_input!L45 -> 0 | ... AC45: =FRA_input!AC45 -> 0
D46: Proksi 1.3 | E46: =FRA_input!E46 -> 0 | F46: =FRA_input!F46 -> 0 | G46: =FRA_input!G46 -> 0 | H46: =FRA_input!H46 -> 0 | I46: =FRA_input!I46 -> 0 | J46: =FRA_input!J46 -> 0 | K46: =FRA_input!K46 -> 0 | L46: =FRA_input!L46 -> 0 | ... AC46: =FRA_input!AC46 -> 0
C47: IKU 2 | E47: =FRA_input!E47 -> 0 | F47: =FRA_input!F47 -> 0 | G47: =FRA_input!G47 -> 0 | H47: =FRA_input!H47 -> 0 | I47: =FRA_input!I47 -> 0 | J47: =FRA_input!J47 -> 0 | K47: =FRA_input!K47 -> 0 | L47: =FRA_input!L47 -> 0 | ... AC47: =FRA_input!AC47 -> 0
D48: Proksi 2.1 | E48: =FRA_input!E48 -> 0 | F48: =FRA_input!F48 -> 0 | G48: =FRA_input!G48 -> 0 | H48: =FRA_input!H48 -> 0 | I48: =FRA_input!I48 -> 0 | J48: =FRA_input!J48 -> 0 | K48: =FRA_input!K48 -> 0 | L48: =FRA_input!L48 -> 0 | ... AC48: =FRA_input!AC48 -> 0
D49: Proksi 2.2 | E49: =FRA_input!E49 -> 0 | F49: =FRA_input!F49 -> 0 | G49: =FRA_input!G49 -> 0 | H49: =FRA_input!H49 -> 0 | I49: =FRA_input!I49 -> 0 | J49: =FRA_input!J49 -> 0 | K49: =FRA_input!K49 -> 0 | L49: =FRA_input!L49 -> 0 | ... AC49: =FRA_input!AC49 -> 0
D50: Proksi 2.3 | E50: =FRA_input!E50 -> 0 | F50: =FRA_input!F50 -> 0 | G50: =FRA_input!G50 -> 0 | H50: =FRA_input!H50 -> 0 | I50: =FRA_input!I50 -> 0 | J50: =FRA_input!J50 -> 0 | K50: =FRA_input!K50 -> 0 | L50: =FRA_input!L50 -> 0 | ... AC50: =FRA_input!AC50 -> 0
A51: T2
B52: S2
C53: IKU 3 | E53: =FRA_input!E53 -> 0 | F53: =FRA_input!F53 -> 0 | G53: =FRA_input!G53 -> 0 | H53: =FRA_input!H53 -> 0 | I53: =FRA_input!I53 -> 0 | J53: =FRA_input!J53 -> 0 | K53: =FRA_input!K53 -> 0 | L53: =FRA_input!L53 -> 0 | ... AC53: =FRA_input!AC53 -> 0
D54: Proksi 3.1 | E54: =FRA_input!E54 -> 0 | F54: =FRA_input!F54 -> 0 | G54: =FRA_input!G54 -> 0 | H54: =FRA_input!H54 -> 0 | I54: =FRA_input!I54 -> 0 | J54: =FRA_input!J54 -> 0 | K54: =FRA_input!K54 -> 0 | L54: =FRA_input!L54 -> 0 | ... AC54: =FRA_input!AC54 -> 0
D55: Proksi 3.2 | E55: =FRA_input!E55 -> 0 | F55: =FRA_input!F55 -> 0 | G55: =FRA_input!G55 -> 0 | H55: =FRA_input!H55 -> 0 | I55: =FRA_input!I55 -> 0 | J55: =FRA_input!J55 -> 0 | K55: =FRA_input!K55 -> 0 | L55: =FRA_input!L55 -> 0 | ... AC55: =FRA_input!AC55 -> 0
D56: Proksi 4.3 | E56: =FRA_input!E56 -> 0 | F56: =FRA_input!F56 -> 0 | G56: =FRA_input!G56 -> 0 | H56: =FRA_input!H56 -> 0 | I56: =FRA_input!I56 -> 0 | J56: =FRA_input!J56 -> 0 | K56: =FRA_input!K56 -> 0 | L56: =FRA_input!L56 -> 0 | ... AC56: =FRA_input!AC56 -> 0
C57: IKU 4 | E57: =FRA_input!E57 -> 0 | F57: =FRA_input!F57 -> 0 | G57: =FRA_input!G57 -> 0 | H57: =FRA_input!H57 -> 0 | I57: =FRA_input!I57 -> 0 | J57: =FRA_input!J57 -> 0 | K57: =FRA_input!K57 -> 0 | L57: =FRA_input!L57 -> 0 | ... AC57: =FRA_input!AC57 -> 0
D58: Proksi 5.1 | E58: =FRA_input!E58 -> 0 | F58: =FRA_input!F58 -> 0 | G58: =FRA_input!G58 -> 0 | H58: =FRA_input!H58 -> 0 | I58: =FRA_input!I58 -> 0 | J58: =FRA_input!J58 -> 0 | K58: =FRA_input!K58 -> 0 | L58: =FRA_input!L58 -> 0 | ... AC58: =FRA_input!AC58 -> 0
D59: Proksi 5.2 | E59: =FRA_input!E59 -> 0 | F59: =FRA_input!F59 -> 0 | G59: =FRA_input!G59 -> 0 | H59: =FRA_input!H59 -> 0 | I59: =FRA_input!I59 -> 0 | J59: =FRA_input!J59 -> 0 | K59: =FRA_input!K59 -> 0 | L59: =FRA_input!L59 -> 0 | ... AC59: =FRA_input!AC59 -> 0
D60: Proksi 2.3 | E60: =FRA_input!E60 -> 0 | F60: =FRA_input!F60 -> 0 | G60: =FRA_input!G60 -> 0 | H60: =FRA_input!H60 -> 0 | I60: =FRA_input!I60 -> 0 | J60: =FRA_input!J60 -> 0 | K60: =FRA_input!K60 -> 0 | L60: =FRA_input!L60 -> 0 | ... AC60: =FRA_input!AC60 -> 0
D62: REPORT CAPAIAN KINERJA | O62: Capaian Proksi IKU 1 | P62: rata2 capaian proksi IKU 1
O63: Capaian Proksi IKU 2 | P63: rata2 capaian proksi IKU 2
O64: Capaian Proksi IKU 3 | P64: rata2 capaian proksi IKU 3
O65: Capaian Proksi IKU 4 | P65: rata2 capaian proksi IKU 4
O66: Capaian IKU 1
O67: Capaian IKU 2
O68: Capaian IKU 3
O69: Capaian IKU 4
O70: Capaian Sasaran 1 | P70: rata2 capaian IKU 12
O71: Capaian Sasaran 2 | P71: rata2 capaian IKU 34
O72: Capaian Tujuan 1
O73: Capaian Tujuan 2
